{
    "4": {
        "morton": 9.544143356643357,
        "block_arr": 11.205566492331199,
        "row_arr": 11.205566492331199
    },
    "8": {
        "morton": 39.78113109317148,
        "block_arr": 40.5440878055768,
        "row_arr": 44.26363250719883
    },
    "16": {
        "morton": 166.6066027837054,
        "block_arr": 169.0621822455973,
        "row_arr": 176.85629386698037
    },
    "32": {
        "morton": 685.8176501017978,
        "block_arr": 690.7579142838667,
        "row_arr": 707.8947943568768
    },
    "64": {
        "morton": 2787.276663569934,
        "block_arr": 2802.5056524381403,
        "row_arr": 2833.3597703636224
    },
    "128": {
        "morton": 11243.35996388157,
        "block_arr": 11282.46350697117,
        "row_arr": 11337.829821458577
    },
    "256": {
        "morton": 45169.295651763736,
        "block_arr": 45258.10162465295,
        "row_arr": 45360.924564510366
    }
}