{
    "meta": {
        "max_prop_level": 32,
        "shape": [
            128,
            128,
            128
        ]
    },
    "morton": {
        "xs": [
            0,
            1,
            2,
            3,
            4,
            5,
            6,
            7,
            8,
            9,
            10,
            11,
            12,
            13,
            14,
            15,
            16,
            17,
            18,
            19,
            20,
            21,
            22,
            23,
            24,
            25,
            26,
            27,
            28,
            29,
            30,
            31
        ],
        "ys1": [
            0.0,
            4182893386.75,
            34566109804.75,
            134425989878.0,
            367483027542.0,
            817209329764.25,
            1586028458566.25,
            2794620714032.0,
            4581210788400.0,
            7101939163203.75,
            10529013073957.75,
            15050477900370.0,
            20869588138418.0,
            28204479143981.25,
            37287240101711.25,
            48363542687104.0,
            61692057685376.0,
            77557899110148.75,
            96250618461094.75,
            118072214679646.0,
            143336628428734.0,
            172369608158862.25,
            205507775821040.25,
            243098447822096.0,
            285499151094544.0,
            333080917698797.75,
            386221592958543.75,
            445308238869562.0,
            510736662837658.0,
            582911740235835.2,
            662245955455035.4,
            749159646426401.8
        ],
        "ys2": [
            0.0,
            154921977.28690544,
            276528878.4380204,
            391912506.9329227,
            504091944.50209117,
            613981464.8867335,
            721906444.499869,
            828035767.1206142,
            932467084.9582552,
            1035419035.3118614,
            1136919671.0892606,
            1236991690.6690323,
            1335653640.8587484,
            1432935992.683074,
            1528854815.7657576,
            1623427971.1021776,
            1716672445.8183682,
            1808930591.490398,
            1900195811.9182227,
            1990461988.227141,
            2079723573.7835462,
            2167980280.4641376,
            2255229364.2912183,
            2341470077.170767,
            2426702743.708392,
            2510956703.6720476,
            2594232775.771635,
            2676533366.6089015,
            2757861597.5639467,
            2838224649.2393274,
            2917627270.371786,
            2996075323.551808
        ]
    },
    "row_arr": {
        "xs": [
            0,
            1,
            2,
            3,
            4,
            5,
            6,
            7,
            8,
            9,
            10,
            11,
            12,
            13,
            14,
            15,
            16,
            17,
            18,
            19,
            20,
            21,
            22,
            23,
            24,
            25,
            26,
            27,
            28,
            29,
            30,
            31
        ],
        "ys1": [
            0.0,
            2422226944.0,
            20164165632.0,
            79008202752.0,
            217621626880.0,
            487556628480.0,
            953250299904.0,
            1692024635392.0,
            2794086531072.0,
            4362527784960.0,
            6513325096960.0,
            9375340068864.0,
            13090319204352.0,
            17812893908992.0,
            23710580490240.0,
            30963780157440.0,
            39765779021824.0,
            50322748096512.0,
            62853743296512.0,
            77590705438720.0,
            94778460241920.0,
            114674718326784.0,
            137550075215872.0,
            163688011333632.0,
            193384892006400.0,
            226949967462400.0,
            264705372831744.0,
            306986128146432.0,
            354140138340352.0,
            406528193249280.0,
            464523967610880.0,
            528514021064704.0
        ],
        "ys2": [
            0.0,
            89712109.03661293,
            161313325.05533797,
            230344614.43749276,
            298520750.178545,
            366308511.254378,
            433887255.3017046,
            501340632.70651966,
            568712910.8630183,
            636029710.5937378,
            703306888.7789699,
            770554784.978988,
            837780429.0837464,
            904988767.4085312,
            972183381.4460965,
            1039366928.1855831,
            1106541420.312611,
            1173708410.4142737,
            1240869115.2858617,
            1308024502.0688884,
            1375175349.192081,
            1442322290.192157,
            1509465845.9957461,
            1576606448.8072622,
            1643744460.2663305,
            1710880185.3128064,
            1778013882.812573,
            1845145773.9863043,
            1912276048.9964392,
            1979404872.2010615,
            2046532386.4507582,
            2113658716.4255326
        ]
    },
    "block_arr": {
        "xs": [
            0,
            1,
            2,
            3,
            4,
            5,
            6,
            7,
            8,
            9,
            10,
            11,
            12,
            13,
            14,
            15,
            16,
            17,
            18,
            19,
            20,
            21,
            22,
            23,
            24,
            25,
            26,
            27,
            28,
            29,
            30,
            31
        ],
        "ys1": [
            0.0,
            2560217216.0,
            21235793536.0,
            82881899520.0,
            227389639680.0,
            507439694720.0,
            988270313856.0,
            1747456270336.0,
            2874695393280.0,
            4475031035904.0,
            6665232621568.0,
            9574954475520.0,
            13346735824896.0,
            18136000798720.0,
            24111058427904.0,
            31453102645248.0,
            40356212285440.0,
            51027351085056.0,
            63686367682560.0,
            78565995618304.0,
            95911853334528.0,
            115982444175360.0,
            139049156386816.0,
            165396263116800.0,
            195320922415104.0,
            229133177233408.0,
            267155955425280.0,
            309725069746176.0,
            357189217853440.0,
            409909982306304.0,
            468261830565888.0,
            532632114995200.0
        ],
        "ys2": [
            0.0,
            94822859.85170254,
            169886348.2880093,
            241638191.02044684,
            311919944.6913538,
            381246953.2081014,
            449827179.72503483,
            517764820.8402192,
            585120169.6072614,
            652431992.4049625,
            719709817.683644,
            786960999.0563307,
            854191092.7932949,
            921404298.0604191,
            988603814.3391339,
            1055792106.516932,
            1122971096.2363448,
            1190142299.3601522,
            1257306925.2081327,
            1324465948.8239264,
            1391620164.1662934,
            1458770223.6955492,
            1525916668.1685338,
            1593059949.305732,
            1660200447.2209518,
            1727338483.9410682,
            1794474334.0153556,
            1861608232.8852506,
            1928740383.5641718,
            1995870962.0084717,
            2063000121.4457486,
            2130127995.9182441
        ]
    }
}
